{
  "drive": {
    "p": 0.00023,
    "i": 0.0000002,
    "d": 1,
    "f": 0,
    "iz": 0
  },
  "angle": {
    "p": 0.0020645,
    "i": 0.2,
    "d": 0.05,
    "f": 0.001,
    "iz": 0
  }
}